﻿{"classes": [{"type_name": "初一语文","type_id": "初一语文"},
{"type_name": "初一数学","type_id": "初一数学"},
{"type_name": "初一英语","type_id": "初一英语"},
{"type_name": "初一历史","type_id": "初一历史"},
{"type_name": "初一地理","type_id": "初一地理"},
{"type_name": "初一生物","type_id": "初一生物"},
{"type_name": "初一物理","type_id": "初一物理"},
{"type_name": "初一化学","type_id": "初一化学"},
{"type_name": "初二语文","type_id": "初二语文"},
{"type_name": "初二数学","type_id": "初二数学"},
{"type_name": "初二英语","type_id": "初二英语"},
{"type_name": "初二历史","type_id": "初二历史"},
{"type_name": "初二地理","type_id": "初二地理"},
{"type_name": "初二生物","type_id": "初二生物"},
{"type_name": "初二物理","type_id": "初二物理"},
{"type_name": "初二化学","type_id": "初二化学"},
{"type_name": "初三语文","type_id": "初三语文"},
{"type_name": "初三数学","type_id": "初三数学"},
{"type_name": "初三英语","type_id": "初三英语"},
{"type_name": "初三历史","type_id": "初三历史"},
{"type_name": "初三地理","type_id": "初三地理"},
{"type_name": "初三生物","type_id": "初三生物"},
{"type_name": "初三物理","type_id": "初三物理"},
{"type_name": "初三化学","type_id": "初三化学"}],  
"filter": {"初一语文": [{"key": "tid","name": "分类","value": [{"n": "全部","v": "语文初一"},
{"n": "沪教版","v": "沪教版初一语文"},
{"n": "人教版","v": "人教版初一语文"},
{"n": "北师大版","v": "北师大版初一语文"},
{"n": "苏教版","v": "苏教版初一语文"}]},
{"key": "duration","name": "时长","value": [{"n": "全部","v": "0"},
{"n": "60分钟以上","v": "4"},
{"n": "30~60分钟","v": "3"},
{"n": "10~30分钟","v": "2"},
{"n": "10分钟以下","v": "1"}]}],"初一英语": [{"key": "tid","name": "分类","value": [{"n": "全部","v": "初一英语"},
{"n": "沪教版","v": "沪教版初一英语"},
{"n": "人教版","v": "人教版初一英语"},
{"n": "北师大版","v": "北师大版初一英语"},
{"n": "苏教版","v": "苏教版初一英语"}]},
{"key": "duration","name": "时长","value": [{"n": "全部","v": "0"},
{"n": "60分钟以上","v": "4"},
{"n": "30~60分钟","v": "3"},
{"n": "10~30分钟","v": "2"},
{"n": "10分钟以下","v": "1"}]}],"初一数学": [{"key": "tid","name": "分类","value": [{"n": "全部","v": "初一数学"},
{"n": "沪教版","v": "沪教版初一数学"},
{"n": "人教版","v": "人教版初一数学"},
{"n": "北师大版","v": "北师大版初一数学"},
{"n": "苏教版","v": "苏教版初一数学"}]},
{"key": "duration","name": "时长","value": [{"n": "全部","v": "0"},
{"n": "60分钟以上","v": "4"},
{"n": "30~60分钟","v": "3"},
{"n": "10~30分钟","v": "2"},
{"n": "10分钟以下","v": "1"}]}],"初一化学": [{"key": "tid","name": "分类","value": [{"n": "全部","v": "初一化学"},
{"n": "沪教版","v": "沪教版初一化学"},
{"n": "人教版","v": "人教版初一化学"},
{"n": "北师大版","v": "北师大版初一化学"},
{"n": "苏教版","v": "苏教版初一化学"}]},
{"key": "duration","name": "时长","value": [{"n": "全部","v": "0"},
{"n": "60分钟以上","v": "4"},
{"n": "30~60分钟","v": "3"},
{"n": "10~30分钟","v": "2"},
{"n": "10分钟以下","v": "1"}]}],"初一物理": [{"key": "tid","name": "分类","value": [{"n": "全部","v": "初一物理"},
{"n": "沪教版","v": "沪教版初一物理"},
{"n": "人教版","v": "人教版初一物理"},
{"n": "北师大版","v": "北师大版初一物理"},
{"n": "苏教版","v": "苏教版初一物理"}]},
{"key": "duration","name": "时长","value": [{"n": "全部","v": "0"},
{"n": "60分钟以上","v": "4"},
{"n": "30~60分钟","v": "3"},
{"n": "10~30分钟","v": "2"},
{"n": "10分钟以下","v": "1"}]}],"初一生物": [{"key": "tid","name": "分类","value": [{"n": "全部","v": "初一生物"},
{"n": "沪教版","v": "沪教版初一生物"},
{"n": "人教版","v": "人教版初一生物"},
{"n": "北师大版","v": "北师大版初一生物"},
{"n": "苏教版","v": "苏教版初一生物"}]},
{"key": "duration","name": "时长","value": [{"n": "全部","v": "0"},
{"n": "60分钟以上","v": "4"},
{"n": "30~60分钟","v": "3"},
{"n": "10~30分钟","v": "2"},
{"n": "10分钟以下","v": "1"}]}],"初一地理": [{"key": "tid","name": "分类","value": [{"n": "全部","v": "初一地理"},
{"n": "沪教版","v": "沪教版初一地理"},
{"n": "人教版","v": "人教版初一地理"},
{"n": "北师大版","v": "北师大版初一地理"},
{"n": "苏教版","v": "苏教版初一地理"}]},
{"key": "duration","name": "时长","value": [{"n": "全部","v": "0"},
{"n": "60分钟以上","v": "4"},
{"n": "30~60分钟","v": "3"},
{"n": "10~30分钟","v": "2"},
{"n": "10分钟以下","v": "1"}]}],"初一历史": [{"key": "tid","name": "分类","value": [{"n": "全部","v": "初一历史"},
{"n": "沪教版","v": "沪教版初一历史"},
{"n": "人教版","v": "人教版初一历史"},
{"n": "北师大版","v": "北师大版初一历史"},
{"n": "苏教版","v": "苏教版初一历史"}]},
{"key": "duration","name": "时长","value": [{"n": "全部","v": "0"},
{"n": "60分钟以上","v": "4"},
{"n": "30~60分钟","v": "3"},
{"n": "10~30分钟","v": "2"},
{"n": "10分钟以下","v": "1"}]}],"初二语文": [{"key": "tid","name": "分类","value": [{"n": "全部","v": "初二语文"},
{"n": "沪教版","v": "沪教版初二语文"},
{"n": "人教版","v": "人教版初二语文"},
{"n": "北师大版","v": "北师大版初二语文"},
{"n": "苏教版","v": "苏教版初二语文"}]},
{"key": "duration","name": "时长","value": [{"n": "全部","v": "0"},
{"n": "60分钟以上","v": "4"},
{"n": "30~60分钟","v": "3"},
{"n": "10~30分钟","v": "2"},
{"n": "10分钟以下","v": "1"}]}],"初二英语": [{"key": "tid","name": "分类","value": [{"n": "全部","v": "初二英语"},
{"n": "沪教版","v": "沪教版初二英语"},
{"n": "人教版","v": "人教版初二英语"},
{"n": "北师大版","v": "北师大版初二英语"},
{"n": "苏教版","v": "苏教版初二英语"}]},
{"key": "duration","name": "时长","value": [{"n": "全部","v": "0"},
{"n": "60分钟以上","v": "4"},
{"n": "30~60分钟","v": "3"},
{"n": "10~30分钟","v": "2"},
{"n": "10分钟以下","v": "1"}]}],
"初二数学": [{"key": "tid","name": "分类","value": [{"n": "全部","v": "初二数学"},
{"n": "沪教版","v": "沪教版初二数学"},
{"n": "人教版","v": "人教版初二数学"},
{"n": "北师大版","v": "北师大版初二数学"},
{"n": "苏教版","v": "苏教版初二数学"}]},
{"key": "duration","name": "时长","value": [{"n": "全部","v": "0"},
{"n": "60分钟以上","v": "4"},
{"n": "30~60分钟","v": "3"},
{"n": "10~30分钟","v": "2"},
{"n": "10分钟以下","v": "1"}]}],
"初二化学": [{"key": "tid","name": "分类","value": [{"n": "全部","v": "初二化学"},
{"n": "沪教版","v": "沪教版初二化学"},
{"n": "人教版","v": "人教版初二化学"},
{"n": "北师大版","v": "北师大版初二化学"},
{"n": "苏教版","v": "苏教版初二化学"}]},
{"key": "duration","name": "时长","value": [{"n": "全部","v": "0"},
{"n": "60分钟以上","v": "4"},
{"n": "30~60分钟","v": "3"},
{"n": "10~30分钟","v": "2"},
{"n": "10分钟以下","v": "1"}]}],
"初二物理": [{"key": "tid","name": "分类","value": [{"n": "全部","v": "初二物理"},
{"n": "沪教版","v": "沪教版初二物理"},
{"n": "人教版","v": "人教版初二物理"},
{"n": "北师大版","v": "北师大版初二物理"},
{"n": "苏教版","v": "苏教版初二物理"}]},
{"key": "duration","name": "时长","value": [{"n": "全部","v": "0"},
{"n": "60分钟以上","v": "4"},
{"n": "30~60分钟","v": "3"},
{"n": "10~30分钟","v": "2"},
{"n": "10分钟以下","v": "1"}]}],
"初二生物": [{"key": "tid","name": "分类","value": [{"n": "全部","v": "初二生物"},
{"n": "沪教版","v": "沪教版初二生物"},
{"n": "人教版","v": "人教版初二生物"},
{"n": "北师大版","v": "北师大版初二生物"},
{"n": "苏教版","v": "苏教版初二生物"}]},
{"key": "duration","name": "时长","value": [{"n": "全部","v": "0"},
{"n": "60分钟以上","v": "4"},
{"n": "30~60分钟","v": "3"},
{"n": "10~30分钟","v": "2"},
{"n": "10分钟以下","v": "1"}]}],
"初二地理": [{"key": "tid","name": "分类","value": [{"n": "全部","v": "初二地理"},
{"n": "沪教版","v": "沪教版初二地理"},
{"n": "人教版","v": "人教版初二地理"},
{"n": "北师大版","v": "北师大版初二生物"},
{"n": "苏教版","v": "苏教版初二地理"}]},
{"key": "duration","name": "时长","value": [{"n": "全部","v": "0"},
{"n": "60分钟以上","v": "4"},
{"n": "30~60分钟","v": "3"},
{"n": "10~30分钟","v": "2"},
{"n": "10分钟以下","v": "1"}]}],
"初二历史": [{"key": "tid","name": "分类","value": [{"n": "全部","v": "初二历史"},
{"n": "沪教版","v": "沪教版初二历史"},
{"n": "人教版","v": "人教版初二历史"},
{"n": "北师大版","v": "北师大版初二历史"},
{"n": "苏教版","v": "苏教版初二历史"}]},
{"key": "duration","name": "时长","value": [{"n": "全部","v": "0"},
{"n": "60分钟以上","v": "4"},
{"n": "30~60分钟","v": "3"},
{"n": "10~30分钟","v": "2"},
{"n": "10分钟以下","v": "1"}]}],
"初三语文": [{"key": "tid","name": "分类","value": [{"n": "全部","v": "初三语文"},
{"n": "沪教版","v": "沪教版初三语文"},
{"n": "人教版","v": "人教版初三语文"},
{"n": "北师大版","v": "北师大版初三语文"},
{"n": "苏教版","v": "苏教版初三语文"}]},
{"key": "duration","name": "时长","value": [{"n": "全部","v": "0"},
{"n": "60分钟以上","v": "4"},
{"n": "30~60分钟","v": "3"},
{"n": "10~30分钟","v": "2"},
{"n": "10分钟以下","v": "1"}]}],
"初三英语": [{"key": "tid","name": "分类","value": [{"n": "全部","v": "初三英语"},
{"n": "沪教版","v": "沪教版初三英语"},
{"n": "人教版","v": "人教版初三英语"},
{"n": "北师大版","v": "北师大版初三英语"},
{"n": "苏教版","v": "苏教版初三英语"}]},
{"key": "duration","name": "时长","value": [{"n": "全部","v": "0"},
{"n": "60分钟以上","v": "4"},
{"n": "30~60分钟","v": "3"},
{"n": "10~30分钟","v": "2"},
{"n": "10分钟以下","v": "1"}]}],
"初三数学": [{"key": "tid","name": "分类","value": [{"n": "全部","v": "初三数学"},
{"n": "沪教版","v": "沪教版初三数学"},
{"n": "人教版","v": "人教版初三数学"},
{"n": "北师大版","v": "北师大版初三数学"},
{"n": "苏教版","v": "苏教版初三数学"}]},
{"key": "duration","name": "时长","value": [{"n": "全部","v": "0"},
{"n": "60分钟以上","v": "4"},
{"n": "30~60分钟","v": "3"},
{"n": "10~30分钟","v": "2"},
{"n": "10分钟以下","v": "1"}]}],
"初三地理": [{"key": "tid","name": "分类","value": [{"n": "全部","v": "初三地理"},
{"n": "沪教版","v": "沪教版初三地理"},
{"n": "人教版","v": "人教版初三地理"},
{"n": "北师大版","v": "北师大版初三地理"},
{"n": "苏教版","v": "苏教版初三地理"}]},
{"key": "duration","name": "时长","value": [{"n": "全部","v": "0"},
{"n": "60分钟以上","v": "4"},
{"n": "30~60分钟","v": "3"},
{"n": "10~30分钟","v": "2"},
{"n": "10分钟以下","v": "1"}]}],
"初三化学": [{"key": "tid","name": "分类","value": [{"n": "全部","v": "初三化学"},
{"n": "沪教版","v": "沪教版初三化学"},
{"n": "人教版","v": "人教版初三化学"},
{"n": "北师大版","v": "北师大版初三化学"},
{"n": "苏教版","v": "苏教版初三化学"}]},
{"key": "duration","name": "时长","value": [{"n": "全部","v": "0"},
{"n": "60分钟以上","v": "4"},
{"n": "30~60分钟","v": "3"},
{"n": "10~30分钟","v": "2"},
{"n": "10分钟以下","v": "1"}]}],
"初三物理": [{"key": "tid","name": "分类","value": [{"n": "全部","v": "初三物理"},
{"n": "沪教版","v": "沪教版初三物理"},
{"n": "人教版","v": "人教版初三物理"},
{"n": "北师大版","v": "北师大版初三物理"},
{"n": "苏教版","v": "苏教版初三物理"}]},
{"key": "duration","name": "时长","value": [{"n": "全部","v": "0"},
{"n": "60分钟以上","v": "4"},
{"n": "30~60分钟","v": "3"},
{"n": "10~30分钟","v": "2"},
{"n": "10分钟以下","v": "1"}]}],
"初三生物": [{"key": "tid","name": "分类","value": [{"n": "全部","v": "初三生物"},
{"n": "沪教版","v": "沪教版初三生物"},
{"n": "人教版","v": "人教版初三生物"},
{"n": "北师大版","v": "北师大版初三生物"},
{"n": "苏教版","v": "苏教版初三生物"}]},
{"key": "duration","name": "时长","value": [{"n": "全部","v": "0"},
{"n": "60分钟以上","v": "4"},
{"n": "30~60分钟","v": "3"},
{"n": "10~30分钟","v": "2"},
{"n": "10分钟以下","v": "1"}]}],
"初三历史": [{"key": "tid","name": "分类","value": [{"n": "全部","v": "初三历史"},
{"n": "沪教版","v": "沪教版初三历史"},
{"n": "人教版","v": "人教版初三历史"},
{"n": "北师大版","v": "北师大版初三历史"},
{"n": "苏教版","v": "苏教版初三历史"}]},
{"key": "duration","name": "时长","value": [{"n": "全部","v": "0"},
{"n": "60分钟以上","v": "4"},
{"n": "30~60分钟","v": "3"},
{"n": "10~30分钟","v": "2"},
{"n": "10分钟以下","v": "1"}]}]}}
